-- Заполнение таблицы Genre
INSERT INTO Genre (name) VALUES
('Баллада'),
('Лирическое'),
('Роман'),
('Новелла'),
('Рассказ'),
('Биография'),
('Эссе'),
('Поэма'),
('Трагедия'),
('Комедия');

-- Заполнение таблицы Category
INSERT INTO Category (name) VALUES
('Мифы'),
('Сказки'),
('Фэнтези'),
('Фантастика'),
('Мистика'),
('Детектив'),
('Триллер'),
('Историческое'),
('Комедия'),
('Драма');

-- Заполнение таблицы Subject
INSERT INTO Subject (name) VALUES
('Образовательная'),
('Развлекательная'),
('Научная'),
('Философская'),
('Художественная'),
('Документальная'),
('Приключенческая'),
('Романтическая'),
('Сатирическая'),
('Эпическая');

-- Заполнение таблицы Tag
INSERT INTO Tag (name) VALUES
('Повседневность'),
('Романтика'),
('Психология'),
('Дружба'),
('Насилие'),
('Смерть основных персонажей'),
('Семья'),
('Путешествие'),
('Тайна'),
('Саморазвитие');

-- Заполнение таблицы Publisher
INSERT INTO Publisher (name, city, country, email) VALUES
('Издательство Альфа', 'Москва', 'Россия', 'contact@alfa.ru'),
('Beta Books', 'Санкт-Петербург', 'Россия', 'info@beta.com'),
('Gamma Press', 'Киев', 'Украина', 'support@gamma.ua'),
('Delta Publishing', 'Минск', 'Беларусь', 'contact@delta.by'),
('Эпсилон Издатель', 'Алматы', 'Казахстан', 'info@epsilon.kz');

-- Заполнение таблицы Author
INSERT INTO Author (last_name, first_name, birthdate, country) VALUES
('Иванов', 'Иван', '1970-05-14', 'Беларусь'),
('Смирнова', 'Анна', '1982-09-23', 'Польша'),
('Петров', 'Алексей', '1965-12-10', 'Литва'),
('Кузнецов', 'Дмитрий', '1990-03-17', 'Беларусь'),
('Волкова', 'Мария', '1985-07-05', 'Беларусь');

-- Заполнение таблицы Book
INSERT INTO Book (fk_subject_id, fk_genre_id, fk_category_id, title, page_count, year) VALUES
(11, 11, 13, 'Песнь древних', 350, 2001),
(12, 12, 14, 'Лирика времени', 200, 2010),
(13, 13, 15, 'Тени прошлого', 400, 2015),
(14, 14, 16, 'Забытый край', 500, 2018),
(15, 15, 17, 'Тайна за горизонтом', 450, 2020);

-- Заполнение таблицы Author_Book
INSERT INTO Author_Book (fk_book_id, fk_author_id) VALUES
(11, 6),
(12, 7),
(13, 8),
(14, 9),
(15, 10);


-- Заполнение таблицы Library
INSERT INTO Library (name, open_hours, address, phone) VALUES
('Центральная библиотека', '09:00-20:00', 'ул. Ленина, 10', '+7-999-123-45-67'),
('Городская библиотека', '10:00-18:00', 'ул. Пушкина, 5', '+7-999-987-65-43');


-- Insert data into Publisher
INSERT INTO Publisher (name, city, country, email) VALUES
('Пингвин Книги', 'Лондон', 'Великобритания', 'contact@penguin.co.uk'),
('ГарперКоллинз', 'Нью-Йорк', 'США', 'info@harpercollins.com'),
('Ашетт Ливр', 'Париж', 'Франция', 'info@hachette.fr'),
('Саймон и Шустер', 'Нью-Йорк', 'США', 'contact@simonandschuster.com'),
('Макмиллан Паблишерс', 'Лондон', 'Великобритания', 'info@macmillan.com'),
('Рэндом Хаус', 'Нью-Йорк', 'США', 'info@randomhouse.com'),
('Шпрингер', 'Берлин', 'Германия', 'info@springer.com'),
('Эльзевир', 'Амстердам', 'Нидерланды', 'info@elsevier.com'),
('Блумсбери', 'Лондон', 'Великобритания', 'info@bloomsbury.com'),
('Схоластик', 'Нью-Йорк', 'США', 'contact@scholastic.com');

-- Insert data into Author
INSERT INTO Author (last_name, first_name, birthdate, country) VALUES
('Толкин', 'Дж.Р.Р.', '1892-01-03', 'Великобритания'),
('Роулинг', 'Дж.К.', '1965-07-31', 'Великобритания'),
('Хемингуэй', 'Эрнест', '1899-07-21', 'США'),
('Оруэлл', 'Джордж', '1903-06-25', 'Великобритания'),
('Остин', 'Джейн', '1775-12-16', 'Великобритания'),
('Кинг', 'Стивен', '1947-09-21', 'США'),
('Гюго', 'Виктор', '1802-02-26', 'Франция'),
('Достоевский', 'Федор', '1821-11-11', 'Россия'),
('Фицджеральд', 'Фрэнсис Скотт', '1896-09-24', 'США'),
('Диккенс', 'Чарльз', '1812-02-07', 'Великобритания');

-- Insert data into Book
INSERT INTO Book (fk_subject_id, fk_genre_id, fk_category_id, title, page_count, year) VALUES
(15, 13, 13, 'Хоббит', 310, 1937),
(15, 13, 13, 'Гарри Поттер и философский камень', 320, 1997),
(19, 15, 12, 'Старик и море', 127, 1952),
(11, 13, 16, '1984', 328, 1949),
(18, 14, 20, 'Гордость и предубеждение', 279, 1813),
(15, 13, 17, 'Сияние', 447, 1977),
(11, 15, 16, 'Отверженные', 1463, 1862),
(11, 19, 16, 'Преступление и наказание', 671, 1866),
(17, 13, 16, 'Великий Гэтсби', 180, 1925),
(17, 13, 16, 'Оливер Твист', 400, 1837);

-- Insert data into Author_Book
INSERT INTO Author_Book (fk_book_id, fk_author_id) VALUES
(26, 11),
(27, 12),
(28, 13),
(29, 14),
(30, 15),
(31, 16),
(32, 17),
(33, 18),
(34, 19),
(35, 20);

-- Insert data into Form
INSERT INTO Form (fk_book_id, name) VALUES
(14, 'Твердый переплет'),
(27, 'Мягкий переплет'),
(27, 'Электронная книга'),
(12, 'Аудио'),
(34, 'Видео');

-- Insert data into Format
INSERT INTO Format (fk_form_id, name) VALUES
(23, 'pdf'),
(23, 'epub'),
(24, 'mp3'),
(23, 'docx'),
(23, 'txt'),
(23, 'fb2'),
(23, 'mobi'),
(23, 'azw'),
(25, 'mov'),
(24, 'aiff');

-- Insert data into Language
INSERT INTO Language (name, code) VALUES
('Английский', 'EN'),
('Французский', 'FR'),
('Испанский', 'ES'),
('Немецкий', 'DE'),
('Русский', 'RU'),
('Китайский', 'ZH'),
('Японский', 'JA'),
('Итальянский', 'IT'),
('Португальский', 'PT'),
('Арабский', 'AR');

-- Insert data into Book_Language
INSERT INTO Book_Language (fk_book_id, fk_language_id) VALUES
(12, 15),
(26, 15),
(27, 15),
(28, 12),
(28, 16),
(29, 14),
(33, 20),
(32, 15),
(30, 11),
(11, 15);

-- Insert data into Tag
INSERT INTO Tag (name) VALUES
('повседневность'),
('романтика'),
('психология'),
('дружба'),
('насилие'),
('смерть основных персонажей'),
('путешествие'),
('война'),
('предательство'),
('судьба');

-- Insert data into Book_Tag
INSERT INTO Book_Tag (fk_book_id, fk_tag_id) VALUES
(12, 17),
(12, 14),
(13, 13),
(14, 16),
(15, 12),
(26, 15),
(27, 18),
(28, 19),
(29, 30),
(30, 21);

-- Insert data into Availability
INSERT INTO Availability (quantity) VALUES
(500),
(33737),
(712),
(222),
(490),
(666),
(1000),
(88),
(9093),
(1034);

-- Заполнение таблицы Position
INSERT INTO Position (fk_library_id, fk_availability_id, section, rack, shelf) VALUES
(1, 6, 1, 2, 3),
(2, 7, 2, 3, 4),
(1, 10, 2, 3, 4),
(2, 11, 2, 3, 4);


-- Insert data into Exemplar
INSERT INTO Exemplar (fk_book_id, fk_publisher_id, fk_availability_id, isbn, year) VALUES
(11, 11, 11, 123456789, 1937),
(12, 12, 12, 234567890, 1997),
(13, 13, 13, 345678901, 1952),
(14, 14, 14, 456789012, 1949),
(15, 15, 15, 567890123, 1813),
(26, 6, 6, 678901234, 1977),
(27, 7, 7, 789012345, 1862),
(28, 8, 8, 890123456, 1866),
(29, 9, 9, 901234567, 1925),
(30, 10, 10, 123098456, 1837);

-- Insert data into Reader
INSERT INTO Reader (first_name, last_name, nickname, email, phone) VALUES
('Иван', 'Иванов', 'ivanov', 'ivanov@mail.com', '+79111111111'),
('Мария', 'Петрова', 'masha', 'masha@mail.com', '+79222222222'),
('Алексей', 'Сидоров', 'alex', 'alex@mail.com', '+79333333333'),
('Екатерина', 'Кузнецова', 'katya', 'katya@mail.com', '+79444444444'),
('Дмитрий', 'Орлов', 'dima', 'dima@mail.com', '+79555555555'),
('Анна', 'Смирнова', 'anya', 'anya@mail.com', '+79666666666'),
('Сергей', 'Васильев', 'serg', 'serg@mail.com', '+79777777777'),
('Ольга', 'Зайцева', 'olya', 'olya@mail.com', '+79888888888'),
('Максим', 'Попов', 'max', 'max@mail.com', '+79999999999'),
('Елена', 'Волкова', 'lena', 'lena@mail.com', '+79000000000');

-- Insert data into Identification_card
INSERT INTO Identification_card (personal_number,job_title, expire_date) VALUES
('12345', 'Помощник библиотекаря', '2028-01-10'),
('34567', 'Старший библиотекарь', '2028-01-10'),
('23478', 'Директор', '2028-01-10');

-- Insert data into Librarian
INSERT INTO Librarian (fk_identity_card_id,first_name, last_name) VALUES
('1', 'Александр', 'Ковалев'),
('2', 'Ирина', 'Морозова'),
('3', 'Петр', 'Алексеев');

-- Insert data into Privilege
INSERT INTO Privilege (name, description) VALUES
('Обычный читатель', 'У вас обычная подписка'),
('Студент', 'Образовательные книги для вас бесплатны'),
('Преподаватель', 'Для вас бесплатны образовательные книги и книги смежных категорий'),
('Пенсионер', 'Для вас бесплатны все книги');

-- Insert data into Library_card
INSERT INTO Library_card (fk_reader_id, fk_privilege_id, card_number, receipt_date) VALUES
(1, 1, 1001, '2024-01-01'),
(2, 2, 1002, '2024-01-02'),
(3, 3, 1003, '2024-01-03'),
(4, 4, 1004, '2024-01-04'),
(5, 1, 1005, '2024-01-05'),
(6, 2, 1006, '2024-01-06'),
(7, 3, 1007, '2024-01-07'),
(8, 4, 1008, '2024-01-08'),
(9, 1, 1009, '2024-01-09'),
(10, 2, 1010, '2024-01-10');

-- Insert data into Type
INSERT INTO Type (name, description) VALUES
('Базовые книги', 'Вам доступны все классические книги'),
('Образовательные книги', 'Вам доступны все книги, связанные с образованием'),
('Редкости', 'Для вас доступны редкие книги в единичных экземплярах'),
('Все книги', 'Для вас доступны все книги');

-- Insert data into Subscription
INSERT INTO Subscription (fk_library_card_id, fk_type_id, name, price, expire_date) VALUES
(1, 1, 'Базовый', 0, '2024-12-31'),
(2, 2, 'Бронзовый', 300, '2024-12-31'),
(3, 3, 'Железный', 400, '2024-12-31'),
(4, 4, 'Серебряный', 500, '2024-12-31'),
(5, 1, 'Золотой', 600, '2024-12-31'),
(6, 2, 'Бриллиант', 700, '2024-12-31'),
(7, 3, 'Изумруд', 800, '2024-12-31'),
(8, 4, 'Рубин', 900, '2024-12-31'),
(9, 1, 'Премиум', 1000, '2024-12-31'),
(10, 2, 'Супер-ультра-легенда', 2000, '2024-12-31');



INSERT INTO Borrow (fk_exemplar_id, fk_reader_id, fk_librarian_id, get_date, give_back_date) VALUES
(11, 1, 1, '2024-05-15', '2024-06-01'),
(12, 2, 2, '2024-05-20', '2024-06-05'),
(13, 3, 1, '2024-05-25', '2024-06-10'),
(14, 4, 3, '2024-06-01', '2025-06-10'),
(15, 5, 2, '2024-06-05', '2026-06-10');

INSERT INTO Fine (fk_borrow_id, amount, reason) VALUES
(10, 50, 'Просрочка возврата книги'),
(12, 75, 'Порча книги'),
(13, 30, 'Просрочка возврата книги'),
(14, 100, 'Утеря книги'),
(11, 45, 'Просрочка возврата книги');

INSERT INTO Reading_room (fk_library_id, name, open_hours, seats_amount, phone) VALUES
(1, 'Лесной', '12:00-4:00', 333, '+79000000000'),
(2, 'Пляжный', '6:00-21:00', 121, '+79000000000');

INSERT INTO Rating (fk_book_id, score) VALUES
(11, 5),
(14, 3),
(28, 4),
(26, 4),
(30, 5);

INSERT INTO Review (fk_reader_id, fk_rating_id, date, text) VALUES
(1, 2, '2024-06-01', 'Великолепная книга!'),
(2, 3, '2024-06-01', 'Неплохо'),
(4, 4, '2024-06-01', 'Только один минус - мелкий шрифт'),
(3, 6, '2024-06-01', 'Ожидаемая концовка'),
(7, 5, '2024-06-01', '10 из 10!');